{
  "AGENTS.md": 1776209204.5165753,
  "CLAUDE.md": 1776209204.5165753,
  "docs/superpowers/specs/2026-04-15-phase1-design.md": 1776209556.0826116,
  "graphify-out/GRAPH_REPORT.md": 1776210022.3990676
}